epoch,train_loss
1,2.7858422548e-03
2,7.1753797330e-04
3,6.1641030306e-04
4,5.6954238814e-04
5,5.3736654491e-04
6,5.0378302334e-04
7,4.9445599300e-04
8,4.8646398176e-04
9,4.7627406679e-04
10,4.6551268466e-04
11,4.5367063051e-04
12,4.4690588294e-04
13,4.3744192053e-04
14,4.3972960292e-04
15,3.7526595178e-04
16,3.7631551338e-04
17,3.7306752777e-04
18,3.7693052334e-04
19,3.6952839316e-04
20,3.6798072514e-04
21,3.6411527076e-04
22,3.6600252716e-04
23,3.5930918861e-04
24,3.3692032742e-04
25,3.3306361043e-04
26,3.2589872913e-04
27,3.3098315554e-04
28,3.2994017098e-04
29,3.3097376074e-04
30,3.2810706970e-04
31,3.1654030650e-04
32,3.1481456120e-04
33,3.1107077654e-04
34,3.1256543919e-04
35,3.0488541360e-04
36,3.0900490860e-04
37,3.1194432543e-04
38,3.0862235326e-04
39,2.9893215432e-04
40,2.9859985351e-04
41,2.9834955827e-04
42,2.9859088664e-04
43,3.0086504084e-04
44,3.0004591879e-04
45,2.9691450041e-04
46,2.9519850998e-04
47,2.9711397431e-04
48,2.9417478032e-04
49,2.9413633684e-04
50,2.9509554992e-04
51,2.9382044114e-04
52,2.9379462761e-04
53,2.9480328878e-04
54,2.9256595675e-04
55,2.9433415478e-04
56,2.9186680941e-04
57,2.9334016319e-04
58,2.9505253640e-04
59,2.8921997216e-04
60,2.8806186609e-04
61,2.9246008403e-04
62,2.9115209601e-04
63,2.8793780611e-04
64,2.9227191622e-04
65,2.9241993909e-04
66,2.8749475516e-04
67,2.8866728199e-04
68,2.9146557223e-04
69,2.9555654880e-04
70,2.8872245032e-04
71,2.8830425628e-04
72,2.8825728837e-04
73,2.8816248452e-04
74,2.8822922527e-04
75,2.9142001726e-04
76,2.8668970370e-04
77,2.8831921710e-04
78,2.9364117460e-04
79,2.9017711993e-04
80,2.9049305696e-04
81,2.8706788326e-04
82,2.8780019536e-04
83,2.8556563888e-04
84,2.8609623419e-04
85,2.8695868395e-04
86,2.8917940045e-04
87,2.8965829399e-04
88,2.8912312924e-04
89,2.8973756678e-04
