label,observable,bin_low,bin_high,true,control,replica_mean,replica_std,replica_min,replica_max,pull,rel_band_width
conservative band: 10 replicas x ~470k events (1/10 of the nominal training data),totxsec,0.0,1.0,0.000883345156,0.000861414008,0.0008534614754000001,3.883447917406902e-06,0.000848598923,0.00085911862,-6.4757186700041,0.004550232235833268
conservative band: 10 replicas x ~470k events (1/10 of the nominal training data),invmass_Z1,81.0,81.5,4.42417905e-06,4.07584431e-06,4.026639352e-06,2.204336254002185e-08,3.9932967e-06,4.05495407e-06,-7.058802356964218,0.00547438213682412
conservative band: 10 replicas x ~470k events (1/10 of the nominal training data),invmass_Z1,81.5,82.0,4.93336968e-06,4.60565621e-06,4.581036931e-06,3.289138014149582e-08,4.51365601e-06,4.63790225e-06,-2.3669726127707458,0.007179898489557891
conservative band: 10 replicas x ~470k events (1/10 of the nominal training data),invmass_Z1,82.0,82.5,5.75052136e-06,5.29770321e-06,5.209015446e-06,2.0658500310145176e-08,5.16962407e-06,5.23352722e-06,-13.575783847666617,0.0039659126612897316
conservative band: 10 replicas x ~470k events (1/10 of the nominal training data),invmass_Z1,82.5,83.0,6.33369568e-06,5.99027664e-06,5.929115468000001e-06,2.7832821892446375e-08,5.86965297e-06,5.95893825e-06,-6.948939946969656,0.004694262077145024
conservative band: 10 replicas x ~470k events (1/10 of the nominal training data),invmass_Z1,83.0,83.5,7.55087214e-06,7.10868908e-06,7.021018714000001e-06,5.647532786043178e-08,6.95355754e-06,7.10315422e-06,-4.90901160495647,0.00804375122200134
conservative band: 10 replicas x ~470k events (1/10 of the nominal training data),invmass_Z1,83.5,84.0,7.87073099e-06,7.40802875e-06,7.321661297e-06,4.0776179478358503e-08,7.25676664e-06,7.40149293e-06,-6.697975893805772,0.0055692523628573555
conservative band: 10 replicas x ~470k events (1/10 of the nominal training data),invmass_Z1,84.0,84.5,8.9680034e-06,8.40518673e-06,8.32094512e-06,4.441845631737749e-08,8.27662446e-06,8.41851275e-06,-5.997402508907027,0.005338150375564247
conservative band: 10 replicas x ~470k events (1/10 of the nominal training data),invmass_Z1,84.5,85.0,1.04260628e-05,9.86299268e-06,9.754608819e-06,4.378241297703273e-08,9.66353759e-06,9.81458207e-06,-7.828254293405135,0.004488382239557723
conservative band: 10 replicas x ~470k events (1/10 of the nominal training data),invmass_Z1,85.0,85.5,1.19796292e-05,1.13061596e-05,1.120432649e-05,5.158784367231105e-08,1.11094778e-05,1.12634413e-05,-6.242256816624992,0.004604278866592637
conservative band: 10 replicas x ~470k events (1/10 of the nominal training data),invmass_Z1,85.5,86.0,1.40722062e-05,1.32813687e-05,1.3190834570000004e-05,5.543785393327182e-08,1.31171832e-05,1.3277158e-05,-5.164234119278263,0.004202755605726
conservative band: 10 replicas x ~470k events (1/10 of the nominal training data),invmass_Z1,86.0,86.5,1.6260013e-05,1.57026303e-05,1.552936705e-05,9.913686095815286e-08,1.53969733e-05,1.57158217e-05,-5.52676874683831,0.006383831397568316
conservative band: 10 replicas x ~470k events (1/10 of the nominal training data),invmass_Z1,86.5,87.0,2.03822764e-05,1.93999451e-05,1.913379633e-05,9.642359426005026e-08,1.89993947e-05,1.93141717e-05,-8.728530772068416,0.005039438729096698
conservative band: 10 replicas x ~470k events (1/10 of the nominal training data),invmass_Z1,87.0,87.5,2.47203965e-05,2.35168144e-05,2.327509122e-05,8.483337416886783e-08,2.3196994e-05,2.34340603e-05,-9.010555333296905,0.0036448138212223876
conservative band: 10 replicas x ~470k events (1/10 of the nominal training data),invmass_Z1,87.5,88.0,3.14194108e-05,3.00826876e-05,2.9774400719999998e-05,1.7043691262104927e-07,2.95453459e-05,3.0050549e-05,-5.719938824018657,0.005724276845194864
conservative band: 10 replicas x ~470k events (1/10 of the nominal training data),invmass_Z1,88.0,88.5,4.07625055e-05,3.93118587e-05,3.897719514e-05,1.937768248379671e-07,3.86468599e-05,3.9287375e-05,-5.461432760833731,0.004971543594708418
conservative band: 10 replicas x ~470k events (1/10 of the nominal training data),invmass_Z1,88.5,89.0,5.55682195e-05,5.36907924e-05,5.312185033e-05,2.4391971548244297e-07,5.28138241e-05,5.35212431e-05,-7.376004003335552,0.004591702170899192
conservative band: 10 replicas x ~470k events (1/10 of the nominal training data),invmass_Z1,89.0,89.5,7.63893402e-05,7.4113771e-05,7.336325572000001e-05,3.2852274630959016e-07,7.29319475e-05,7.38641126e-05,-7.224272079238056,0.004478028450147279
conservative band: 10 replicas x ~470k events (1/10 of the nominal training data),invmass_Z1,89.5,90.0,0.000115889411,0.000112147088,0.00011099701700000001,5.660563066295725e-07,0.00011012754,0.000111879771,-6.424879978039753,0.005099743415893532
conservative band: 10 replicas x ~470k events (1/10 of the nominal training data),invmass_Z1,90.0,90.5,0.000167243401,0.000162155,0.00016068384419999998,7.969167622310666e-07,0.00015971505,0.000162053439,-5.837752876401824,0.004959532591460534
conservative band: 10 replicas x ~470k events (1/10 of the nominal training data),invmass_Z1,90.5,91.0,0.000222818447,0.000216673249,0.0002143507603,1.016037568910832e-06,0.000212939368,0.000215904719,-7.228427724258751,0.004740069815888738
conservative band: 10 replicas x ~470k events (1/10 of the nominal training data),invmass_Z1,91.0,91.5,0.000239846263,0.000234578948,0.00023241312329999996,1.0502500751703514e-06,0.000231076345,0.000233948312,-6.521245964719502,0.004518893168587058
conservative band: 10 replicas x ~470k events (1/10 of the nominal training data),invmass_Z1,91.5,92.0,0.00019651136,0.000192267126,0.0001905893682,8.105932686777836e-07,0.000189484439,0.000191896119,-6.545250516041774,0.00425308754802716
conservative band: 10 replicas x ~470k events (1/10 of the nominal training data),invmass_Z1,92.0,92.5,0.000136959528,0.000134268357,0.0001330673087,6.356123167139338e-07,0.000132283109,0.000134024628,-5.97541631589022,0.004776622619962357
conservative band: 10 replicas x ~470k events (1/10 of the nominal training data),invmass_Z1,92.5,93.0,8.91177202e-05,8.8125585e-05,8.731996631999999e-05,3.913333525065732e-07,8.67929344e-05,8.79817856e-05,-6.510025118126248,0.004481602192475207
conservative band: 10 replicas x ~470k events (1/10 of the nominal training data),invmass_Z1,93.0,93.5,6.02542967e-05,5.95489516e-05,5.906388825999999e-05,2.9879080308421386e-07,5.85581416e-05,5.94739793e-05,-5.133708762168122,0.005058772997959988
conservative band: 10 replicas x ~470k events (1/10 of the nominal training data),invmass_Z1,93.5,94.0,4.26237183e-05,4.1872767e-05,4.146468722999999e-05,2.0473569619125996e-07,4.11088462e-05,4.18060958e-05,-6.303060796160078,0.0049375917164312345
conservative band: 10 replicas x ~470k events (1/10 of the nominal training data),invmass_Z1,94.0,94.5,3.07006791e-05,3.04072965e-05,3.025760257e-05,1.4632909828345494e-07,3.00733003e-05,3.05003252e-05,-3.234994107493491,0.004836110129509674
conservative band: 10 replicas x ~470k events (1/10 of the nominal training data),invmass_Z1,94.5,95.0,2.32652269e-05,2.31397586e-05,2.2975703119999997e-05,1.2741065410738963e-07,2.27497837e-05,2.31671424e-05,-4.07178648494294,0.005545451794965118
conservative band: 10 replicas x ~470k events (1/10 of the nominal training data),invmass_Z1,95.0,95.5,1.8807711e-05,1.88001149e-05,1.8678370530000003e-05,8.645923486376026e-08,1.85828183e-05,1.88150603e-05,-4.452844188465426,0.004628842474502525
conservative band: 10 replicas x ~470k events (1/10 of the nominal training data),invmass_Z1,95.5,96.0,1.45220832e-05,1.45176699e-05,1.433722424e-05,6.601443470235522e-08,1.42481074e-05,1.44609213e-05,-8.64385618183561,0.0046044083287878615
conservative band: 10 replicas x ~470k events (1/10 of the nominal training data),invmass_Z1,96.0,96.5,1.16471763e-05,1.16318096e-05,1.160314619e-05,8.596031171894841e-08,1.14553256e-05,1.17201339e-05,-1.054459427783433,0.007408362379595979
conservative band: 10 replicas x ~470k events (1/10 of the nominal training data),invmass_Z1,96.5,97.0,9.75506189e-06,9.83401138e-06,9.811200829e-06,5.044905076282938e-08,9.71474103e-06,9.89834373e-06,-1.4298246399628165,0.005141985333101307
conservative band: 10 replicas x ~470k events (1/10 of the nominal training data),invmass_Z1,97.0,97.5,7.88673403e-06,7.90156724e-06,7.866365639e-06,6.044972758108065e-08,7.76693819e-06,7.97123726e-06,-1.8414845012353955,0.0076845814643273095
conservative band: 10 replicas x ~470k events (1/10 of the nominal training data),invmass_Z1,97.5,98.0,6.7488467e-06,6.80533142e-06,6.789785799999999e-06,4.240404408338106e-08,6.70960063e-06,6.87075269e-06,-1.1593131717060918,0.006245269782057199
conservative band: 10 replicas x ~470k events (1/10 of the nominal training data),invmass_Z1,98.0,98.5,5.40970032e-06,5.45793846e-06,5.449181170999999e-06,2.4061545440551452e-08,5.39593246e-06,5.47266095e-06,-1.1509227217662432,0.0044156258868038025
conservative band: 10 replicas x ~470k events (1/10 of the nominal training data),invmass_Z1,98.5,99.0,4.87463062e-06,5.01469164e-06,5.00150763e-06,2.677651149245051e-08,4.96501488e-06,5.04503323e-06,-1.5570176236807287,0.005353688022355473
conservative band: 10 replicas x ~470k events (1/10 of the nominal training data),invmass_Z1,99.0,99.5,4.25396584e-06,4.36703433e-06,4.355543328999999e-06,3.6578914360330164e-08,4.31344145e-06,4.43469082e-06,-0.9934066221134876,0.008398243708604872
conservative band: 10 replicas x ~470k events (1/10 of the nominal training data),invmass_Z1,99.5,100.0,3.9067591e-06,4.07464692e-06,4.032184313e-06,4.05355914957719e-08,3.96080847e-06,4.10399228e-06,-3.312608711349732,0.010053010564294584
conservative band: 10 replicas x ~470k events (1/10 of the nominal training data),invmass_Z1,100.0,100.5,3.17822501e-06,3.26624502e-06,3.282293093e-06,1.9397215298305172e-08,3.25236668e-06,3.30563669e-06,2.616275684741507,0.005909653631990619
conservative band: 10 replicas x ~470k events (1/10 of the nominal training data),invmass_Z1,100.5,101.0,2.65793452e-06,2.81242378e-06,2.798720175e-06,1.8958182520040813e-08,2.76946299e-06,2.83970906e-06,-2.2857994910356956,0.006773875676956812
conservative band: 10 replicas x ~470k events (1/10 of the nominal training data),ptee,0.0,15.0,6.30600958e-06,5.69756477e-06,5.689630176e-06,5.956247404748537e-08,5.61396805e-06,5.79825578e-06,-0.4212617046213232,0.010468602036514046
conservative band: 10 replicas x ~470k events (1/10 of the nominal training data),ptee,15.0,30.0,1.74115993e-05,1.67492271e-05,1.659300461e-05,8.521234617995267e-08,1.64705997e-05,1.67605083e-05,-5.797503675108397,0.005135437986234169
conservative band: 10 replicas x ~470k events (1/10 of the nominal training data),ptee,30.0,45.0,1.57768056e-05,1.55961913e-05,1.5464192269999997e-05,6.209871028836108e-08,1.53928501e-05,1.5563007e-05,-6.721839822350312,0.004015645253508031
conservative band: 10 replicas x ~470k events (1/10 of the nominal training data),ptee,45.0,60.0,9.35767766e-06,9.29331982e-06,9.216969262999998e-06,4.1802635102414807e-08,9.18096265e-06,9.29926195e-06,-5.775752178086328,0.0045353992087425726
conservative band: 10 replicas x ~470k events (1/10 of the nominal training data),ptee,60.0,75.0,4.75890273e-06,4.7685078e-06,4.711299537000001e-06,2.1549775532510667e-08,4.69005259e-06,4.76040631e-06,-8.394909347849495,0.004574061861970433
conservative band: 10 replicas x ~470k events (1/10 of the nominal training data),ptee,75.0,90.0,2.39330682e-06,2.40050189e-06,2.365399777e-06,1.513862880391013e-08,2.34895415e-06,2.39898368e-06,-7.332409639103828,0.006400029691010717
conservative band: 10 replicas x ~470k events (1/10 of the nominal training data),ptee,90.0,105.0,1.23057176e-06,1.24092484e-06,1.225022597e-06,7.521045884980296e-09,1.21788045e-06,1.23943394e-06,-6.68621207136811,0.00613951604109087
conservative band: 10 replicas x ~470k events (1/10 of the nominal training data),ptee,105.0,120.0,6.52704146e-07,6.58945706e-07,6.490258779999999e-07,5.079002894573958e-09,6.44140946e-07,6.58021062e-07,-6.176261586821673,0.007825578404092476
conservative band: 10 replicas x ~470k events (1/10 of the nominal training data),ptee,120.0,135.0,3.7513328e-07,3.78830174e-07,3.712713057e-07,4.1490306240242535e-09,3.67047688e-07,3.79238769e-07,-5.761162673236829,0.011175198730215939
conservative band: 10 replicas x ~470k events (1/10 of the nominal training data),ptee,135.0,150.0,2.22658434e-07,2.22926022e-07,2.1658513910000003e-07,3.073591820217998e-09,2.12735217e-07,2.21600987e-07,-6.523843604903726,0.014191148261556775
conservative band: 10 replicas x ~470k events (1/10 of the nominal training data),ptee,150.0,165.0,1.38535545e-07,1.41864449e-07,1.3832066910000002e-07,2.9576499452299935e-09,1.34497835e-07,1.42282526e-07,-3.788959551618676,0.02138255955870006
conservative band: 10 replicas x ~470k events (1/10 of the nominal training data),ptee,165.0,180.0,9.19003246e-08,9.10461579e-08,8.773829977e-08,1.6341078571034855e-09,8.57543527e-08,9.03493463e-08,-6.401270162207489,0.018624795116695767
conservative band: 10 replicas x ~470k events (1/10 of the nominal training data),ptee,180.0,195.0,5.453075e-08,5.53802513e-08,5.345647075e-08,1.3287942474996285e-09,5.12315557e-08,5.56158261e-08,-4.5782319330315575,0.024857500483225006
conservative band: 10 replicas x ~470k events (1/10 of the nominal training data),ptee,195.0,210.0,3.70775597e-08,3.75410322e-08,3.4353204970000005e-08,8.370942369293448e-10,3.33331059e-08,3.59612333e-08,-12.042604511152907,0.024367282111242988
conservative band: 10 replicas x ~470k events (1/10 of the nominal training data),ptee,210.0,225.0,2.34592072e-08,2.63374009e-08,2.387130564e-08,9.336490758417862e-10,2.24742323e-08,2.55727499e-08,-8.352686411127173,0.0391117725155894
conservative band: 10 replicas x ~470k events (1/10 of the nominal training data),ptee,225.0,240.0,1.48673288e-08,1.7246491e-08,1.544630851e-08,5.529836161774319e-10,1.4768873e-08,1.61348236e-08,-10.294476555570705,0.03580037365040509
conservative band: 10 replicas x ~470k events (1/10 of the nominal training data),ptee,240.0,255.0,1.20827705e-08,1.36159657e-08,1.154180155e-08,5.843777051019663e-10,1.07533821e-08,1.25415887e-08,-11.224047217753903,0.05063141161892237
conservative band: 10 replicas x ~470k events (1/10 of the nominal training data),ptee,255.0,270.0,8.20989394e-09,8.95490663e-09,8.010168558000001e-09,3.9943936899821397e-10,7.40487041e-09,8.62631987e-09,-7.47929305839029,0.0498665372777058
conservative band: 10 replicas x ~470k events (1/10 of the nominal training data),ptee,270.0,285.0,5.6227425e-09,6.34842221e-09,5.563879861e-09,3.1650308432557895e-10,4.94459245e-09,6.01916549e-09,-7.838598947574995,0.05688531963892794
conservative band: 10 replicas x ~470k events (1/10 of the nominal training data),ptee,285.0,300.0,4.29201015e-09,4.9275275e-09,3.944460692e-09,2.2645989090418253e-10,3.53109257e-09,4.18933901e-09,-13.727509065641891,0.05741213022187788
conservative band: 10 replicas x ~470k events (1/10 of the nominal training data),ptee,300.0,315.0,3.27953275e-09,3.77733133e-09,2.923879243e-09,2.96104822825244e-10,2.37027043e-09,3.32389238e-09,-9.114517092269706,0.10127122162590763
conservative band: 10 replicas x ~470k events (1/10 of the nominal training data),ptee,315.0,330.0,2.119234e-09,2.65163851e-09,2.1329655609999997e-09,2.331154634513543e-10,1.7406853e-09,2.47031296e-09,-7.03594628718666,0.10929171465012431
conservative band: 10 replicas x ~470k events (1/10 of the nominal training data),ptee,330.0,345.0,1.54117582e-09,2.18658164e-09,1.6389307450000002e-09,1.9989500001798954e-10,1.35894859e-09,1.92684507e-09,-8.663669379793706,0.12196671557222481
conservative band: 10 replicas x ~470k events (1/10 of the nominal training data),ptee,345.0,360.0,1.47189172e-09,1.70976073e-09,1.2188778790999999e-09,1.6417064125346956e-10,9.13379211e-10,1.38296439e-09,-9.45545355313662,0.134689983359687
conservative band: 10 replicas x ~470k events (1/10 of the nominal training data),ptee,360.0,375.0,8.30598162e-10,1.22189219e-09,9.192767913999999e-10,1.1329776145113754e-10,7.70172887e-10,1.08067917e-09,-8.446362067166174,0.12324662442374106
conservative band: 10 replicas x ~470k events (1/10 of the nominal training data),ptee,375.0,390.0,6.34106563e-10,9.26201315e-10,7.228915269999999e-10,9.034044384574355e-11,6.17272545e-10,8.74437652e-10,-7.116657538054162,0.12497095410795092
conservative band: 10 replicas x ~470k events (1/10 of the nominal training data),ptee,390.0,405.0,8.91623436e-10,1.2036666e-09,7.854158027e-10,1.7509330883390576e-10,4.78357838e-10,1.10316934e-09,-7.553830363123989,0.22293071801202982
conservative band: 10 replicas x ~470k events (1/10 of the nominal training data),ptee,405.0,420.0,6.14185034e-10,6.60715606e-10,4.1121602549999995e-10,7.842083435536606e-11,3.04328933e-10,5.52978137e-10,-10.060935414958955,0.1907047135626918
conservative band: 10 replicas x ~470k events (1/10 of the nominal training data),ptee,420.0,435.0,4.05272047e-10,5.48106901e-10,3.858122262999999e-10,8.89643339527093e-11,2.24329334e-10,5.63270173e-10,-5.768837930500518,0.2305897218600128
conservative band: 10 replicas x ~470k events (1/10 of the nominal training data),ptee,435.0,450.0,4.69546448e-10,4.46471192e-10,2.756926929e-10,7.838007531762595e-11,1.89293195e-10,4.12457712e-10,-6.890131584494288,0.2843023313137145
conservative band: 10 replicas x ~470k events (1/10 of the nominal training data),ptee,450.0,465.0,1.70147352e-10,3.14812311e-10,2.1496618099999997e-10,3.75168729217341e-11,1.69336281e-10,2.94161179e-10,-8.41597824562703,0.1745245356604912
conservative band: 10 replicas x ~470k events (1/10 of the nominal training data),ptee,465.0,480.0,1.4237419e-10,2.11739461e-10,1.4554046978000002e-10,5.103812827457398e-11,7.79236234e-11,2.48642662e-10,-4.101631430025948,0.35067997479823704
conservative band: 10 replicas x ~470k events (1/10 of the nominal training data),ptee,480.0,495.0,1.03748733e-10,2.02905432e-10,1.2121742681999998e-10,4.812332666783647e-11,6.99051118e-11,2.16704987e-10,-5.367878153300713,0.39700006781447755
conservative band: 10 replicas x ~470k events (1/10 of the nominal training data),ptee,495.0,510.0,1.03578303e-10,1.40875547e-10,9.214213918e-11,3.9610006273973854e-11,4.09841881e-11,1.79585338e-10,-3.8906473729674613,0.42987938663541947
conservative band: 10 replicas x ~470k events (1/10 of the nominal training data),ptee,510.0,525.0,1.71191354e-10,1.45965996e-10,9.969984118999998e-11,2.778317457278582e-11,6.26191231e-11,1.526887e-10,-5.266008295569829,0.2786681928593935
conservative band: 10 replicas x ~470k events (1/10 of the nominal training data),ptee,525.0,540.0,1.56505131e-10,1.74837981e-10,1.4560492699e-10,6.601826429039945e-11,7.58309719e-11,3.16709402e-10,-1.400264527217538,0.4534068019204701
conservative band: 10 replicas x ~470k events (1/10 of the nominal training data),ptee,540.0,555.0,4.58322269e-11,9.47542765e-11,5.913541765999999e-11,2.8652554420774687e-11,2.80453409e-11,1.16156143e-10,-3.9311232058512453,0.4845244280764701
conservative band: 10 replicas x ~470k events (1/10 of the nominal training data),ptee,555.0,570.0,5.3841265e-11,7.29249969e-11,4.896289975e-11,2.1805651556636873e-11,2.46643321e-11,9.22925844e-11,-3.4750075828468527,0.44535049329133886
conservative band: 10 replicas x ~470k events (1/10 of the nominal training data),ptee,570.0,585.0,9.73464837e-11,1.52290333e-10,5.201985501e-11,2.388057076236432e-11,2.07874194e-11,9.6096602e-11,-13.277869096073026,0.4590664614073541
conservative band: 10 replicas x ~470k events (1/10 of the nominal training data),ptee,585.0,600.0,6.41828937e-11,1.0910766e-10,5.228704927e-11,1.6560473190341707e-11,2.28871758e-11,8.58068722e-11,-10.850085373973252,0.31672227485675647
conservative band: 10 replicas x ~470k events (1/10 of the nominal training data),r_LL_ptee,0.0,15.0,393.192864,355.468265,354.974693,3.7035686279398785,350.31012,361.732689,-0.4214345314164584,0.010433331448616474
conservative band: 10 replicas x ~470k events (1/10 of the nominal training data),r_LL_ptee,15.0,30.0,1086.70845,1045.59968,1035.9398,5.364509497061824,1028.23155,1046.51243,-5.694317950343459,0.005178398877098672
conservative band: 10 replicas x ~470k events (1/10 of the nominal training data),r_LL_ptee,30.0,45.0,987.578842,976.551921,968.4187977000001,3.890937423062407,963.928397,974.588218,-6.610025123133919,0.004017825172645765
conservative band: 10 replicas x ~470k events (1/10 of the nominal training data),r_LL_ptee,45.0,60.0,588.054015,584.186571,579.4108305,2.6465250914594454,577.100728,584.615243,-5.706432764475733,0.004567614121357791
conservative band: 10 replicas x ~470k events (1/10 of the nominal training data),r_LL_ptee,60.0,75.0,299.985761,300.669628,297.0997356,1.3679895130514352,295.73327,300.18379,-8.252249653978502,0.004604479065889264
conservative band: 10 replicas x ~470k events (1/10 of the nominal training data),r_LL_ptee,75.0,90.0,151.740591,152.265792,149.9752446,0.955660305824918,148.920155,152.091065,-7.579415853548918,0.00637212033475102
conservative band: 10 replicas x ~470k events (1/10 of the nominal training data),r_LL_ptee,90.0,105.0,77.9729963,78.6336348,77.66428988000001,0.4784834020210349,77.207126,78.5746656,-6.406361793462786,0.0061609190370548045
conservative band: 10 replicas x ~470k events (1/10 of the nominal training data),r_LL_ptee,105.0,120.0,41.3591697,41.7759418,41.153081439999994,0.32344656880712375,40.8487187,41.7330546,-6.089591270349772,0.007859595381179403
conservative band: 10 replicas x ~470k events (1/10 of the nominal training data),r_LL_ptee,120.0,135.0,23.8762613,24.1151817,23.626625830000002,0.26289894478638676,23.3648785,24.1382044,-5.876590013324098,0.011127231906833256
conservative band: 10 replicas x ~470k events (1/10 of the nominal training data),r_LL_ptee,135.0,150.0,14.0943781,14.1217283,13.730388360000001,0.19500401957091493,13.4837755,14.0501791,-6.346154056294163,0.014202367366316426
conservative band: 10 replicas x ~470k events (1/10 of the nominal training data),r_LL_ptee,150.0,165.0,8.79671991,9.00545674,8.783465749000001,0.18927348712107792,8.5445738,9.03904566,-3.708903778736155,0.021548838753384644
conservative band: 10 replicas x ~470k events (1/10 of the nominal training data),r_LL_ptee,165.0,180.0,5.80696778,5.75194,5.5476586359999995,0.10299590869229719,5.41905125,5.71488214,-6.272039365134896,0.018565653629791436
conservative band: 10 replicas x ~470k events (1/10 of the nominal training data),r_LL_ptee,180.0,195.0,3.43690188,3.49587319,3.3772945580000004,0.08373673540767408,3.23858634,3.51392523,-4.47806517798115,0.024794027873382217
conservative band: 10 replicas x ~470k events (1/10 of the nominal training data),r_LL_ptee,195.0,210.0,2.34228245,2.36798505,2.170457229,0.053075878588220854,2.10510838,2.27230909,-11.768770149923897,0.024453777701334677
conservative band: 10 replicas x ~470k events (1/10 of the nominal training data),r_LL_ptee,210.0,225.0,1.46693757,1.64009564,1.4886273770000003,0.05823709792219829,1.40183067,1.59632517,-8.224735115566821,0.0391213401163979
conservative band: 10 replicas x ~470k events (1/10 of the nominal training data),r_LL_ptee,225.0,240.0,0.931981933,1.07316991,0.9617830936999999,0.03503248210578579,0.918466723,1.00558316,-10.054555648073707,0.03642451435802961
conservative band: 10 replicas x ~470k events (1/10 of the nominal training data),r_LL_ptee,240.0,255.0,0.749247193,0.838946434,0.7108412467,0.03623102099875596,0.662559191,0.772659787,-11.181141485479687,0.050969215935280025
conservative band: 10 replicas x ~470k events (1/10 of the nominal training data),r_LL_ptee,255.0,270.0,0.508692276,0.557128231,0.498354085,0.02534556812370624,0.459782481,0.536557055,-7.333044103968446,0.050858553961098237
conservative band: 10 replicas x ~470k events (1/10 of the nominal training data),r_LL_ptee,270.0,285.0,0.353960756,0.39778808,0.34851947910000003,0.020159933741324722,0.309620635,0.37725788,-7.728249406616542,0.057844496363258564
conservative band: 10 replicas x ~470k events (1/10 of the nominal training data),r_LL_ptee,285.0,300.0,0.263356419,0.301920899,0.23989923940000005,0.013543072929891922,0.214093232,0.254853479,-14.481920729139336,0.05645317160556166
conservative band: 10 replicas x ~470k events (1/10 of the nominal training data),r_LL_ptee,300.0,315.0,0.197080835,0.228017696,0.1766091332,0.01820060515877659,0.142415361,0.200956043,-8.932018922756011,0.10305585463785398
conservative band: 10 replicas x ~470k events (1/10 of the nominal training data),r_LL_ptee,315.0,330.0,0.131626825,0.165003371,0.1339480134,0.014456921403011778,0.10648071,0.153710318,-6.79298592206231,0.10792934539342543
conservative band: 10 replicas x ~470k events (1/10 of the nominal training data),r_LL_ptee,330.0,345.0,0.0918117444,0.13055226,0.09717786194,0.012101683880354512,0.0806267778,0.113681277,-8.721027127310254,0.12453128355330959
conservative band: 10 replicas x ~470k events (1/10 of the nominal training data),r_LL_ptee,345.0,360.0,0.0880556027,0.103500124,0.07335288088000001,0.010087401663601581,0.0548853755,0.0834317923,-9.450793833067516,0.13751882056416895
conservative band: 10 replicas x ~470k events (1/10 of the nominal training data),r_LL_ptee,360.0,375.0,0.0489708781,0.0743108551,0.05560467761,0.006997622965497858,0.0463683009,0.0652918895,-8.453460192901805,0.12584594077818012
conservative band: 10 replicas x ~470k events (1/10 of the nominal training data),r_LL_ptee,375.0,390.0,0.0376975616,0.0550693552,0.04290204288,0.0054277831597118525,0.0362645706,0.0519946655,-7.088790911807562,0.12651572734878244
conservative band: 10 replicas x ~470k events (1/10 of the nominal training data),r_LL_ptee,390.0,405.0,0.0520953019,0.0722199361,0.04709584116,0.010752204887215542,0.0281080286,0.0669097741,-7.389122974691207,0.22830476369849262
conservative band: 10 replicas x ~470k events (1/10 of the nominal training data),r_LL_ptee,405.0,420.0,0.0364372571,0.0389841239,0.024211184990000002,0.004802675137066931,0.0175199429,0.0321007252,-9.727106947036914,0.19836596759103656
conservative band: 10 replicas x ~470k events (1/10 of the nominal training data),r_LL_ptee,420.0,435.0,0.0228738546,0.0326504111,0.0229418524,0.005467930631175608,0.0130221407,0.0335987647,-5.614767333440475,0.23833867186660165
conservative band: 10 replicas x ~470k events (1/10 of the nominal training data),r_LL_ptee,435.0,450.0,0.0259251118,0.0251271208,0.015805195969999998,0.004580509818432473,0.0109670917,0.0236763239,-6.43564053089749,0.2898103780001706
conservative band: 10 replicas x ~470k events (1/10 of the nominal training data),r_LL_ptee,450.0,465.0,0.00939071178,0.0191831231,0.012880233920000001,0.0021990579045874283,0.0102358977,0.0174409548,-9.063647485976682,0.1707312086291231
conservative band: 10 replicas x ~470k events (1/10 of the nominal training data),r_LL_ptee,465.0,480.0,0.00829406579,0.0128670653,0.008963995765,0.003164557125509591,0.00481889248,0.0152562459,-3.900258111038759,0.3530297434839976
conservative band: 10 replicas x ~470k events (1/10 of the nominal training data),r_LL_ptee,480.0,495.0,0.00548727512,0.0121052861,0.007045291661,0.002919704381299411,0.00393743515,0.0127653678,-5.480386123167941,0.4144192351129707
conservative band: 10 replicas x ~470k events (1/10 of the nominal training data),r_LL_ptee,495.0,510.0,0.00552366575,0.00848261118,0.0054169515750000004,0.0024603958615708335,0.00226432085,0.0108329296,-3.9402061408048015,0.45420303790897987
conservative band: 10 replicas x ~470k events (1/10 of the nominal training data),r_LL_ptee,510.0,525.0,0.0100320379,0.00833859444,0.005642187595,0.0016339125272391297,0.00351448059,0.00879210631,-5.218631344406525,0.28958847959735906
conservative band: 10 replicas x ~470k events (1/10 of the nominal training data),r_LL_ptee,525.0,540.0,0.00753527482,0.00995834668,0.007874154250000001,0.003669207688182452,0.0039024353,0.0170819322,-1.7962447811575937,0.46598117990671206
conservative band: 10 replicas x ~470k events (1/10 of the nominal training data),r_LL_ptee,540.0,555.0,0.00240534147,0.0056141297,0.003488588333,0.0017344788399731965,0.00162497759,0.00692411264,-3.875257412037225,0.49718644747104257
conservative band: 10 replicas x ~470k events (1/10 of the nominal training data),r_LL_ptee,555.0,570.0,0.00251997312,0.00402230024,0.0026660537729999998,0.0012721075989717003,0.00127782822,0.0051558733,-3.3714348595537347,0.47715001544783187
conservative band: 10 replicas x ~470k events (1/10 of the nominal training data),r_LL_ptee,570.0,585.0,0.00585678418,0.00937415361,0.003029963175,0.001481994871580724,0.00108246803,0.00574769179,-13.537220721321258,0.4891131627633475
conservative band: 10 replicas x ~470k events (1/10 of the nominal training data),r_LL_ptee,585.0,600.0,0.00399557749,0.00657686392,0.003097451129,0.0010108221662786876,0.00124708811,0.00511460304,-10.88506930946138,0.3263399886489985
conservative band: 10 replicas x ~470k events (1/10 of the nominal training data),cthep,-1.0,-0.95,2.7977477e-05,4.40565865e-05,6.070644849e-05,2.554212219907647e-06,5.75065539e-05,6.57828907e-05,20.61359123000647,0.042074808911418946
conservative band: 10 replicas x ~470k events (1/10 of the nominal training data),cthep,-0.95,-0.9,8.68651607e-05,9.30603673e-05,9.834735308999999e-05,2.261634704601644e-06,9.61728658e-05,0.000103328554,7.392403830436188,0.022996396278524837
conservative band: 10 replicas x ~470k events (1/10 of the nominal training data),cthep,-0.9,-0.85,0.000147115155,0.000149301225,0.0001452259544,2.4121992848872805e-06,0.000143143932,0.000150924416,-5.342484453196093,0.016609973712021827
conservative band: 10 replicas x ~470k events (1/10 of the nominal training data),cthep,-0.85,-0.8,0.000200075935,0.00020280264,0.00019303950090000002,2.6277004889706006e-06,0.000189850648,0.000199041453,-11.74934388399079,0.013612242451516824
conservative band: 10 replicas x ~470k events (1/10 of the nominal training data),cthep,-0.8,-0.75,0.000250508866,0.00025086279,0.00023892295419999997,2.6560344752579252e-06,0.00023502956,0.000244884407,-14.215582052169047,0.011116698620068902
conservative band: 10 replicas x ~470k events (1/10 of the nominal training data),cthep,-0.75,-0.7,0.000305825317,0.000304096879,0.0002913580804,3.0321654167356717e-06,0.000287024302,0.000297682955,-13.285428957082528,0.010407006431992102
conservative band: 10 replicas x ~470k events (1/10 of the nominal training data),cthep,-0.7,-0.65,0.000356166347,0.000350504204,0.00033893001290000006,3.6548512755741633e-06,0.000332486325,0.000346296627,-10.014307885701776,0.010783498470088314
conservative band: 10 replicas x ~470k events (1/10 of the nominal training data),cthep,-0.65,-0.6,0.000396468062,0.000389072016,0.0003781293357,3.3247316794777528e-06,0.000372468408,0.000383942649,-10.407995829753734,0.008792578003298654
conservative band: 10 replicas x ~470k events (1/10 of the nominal training data),cthep,-0.6,-0.55,0.000439648886,0.000431046523,0.0004210918613,3.4011066274734126e-06,0.000415573406,0.00042711656,-9.25563581399065,0.008076875712994012
conservative band: 10 replicas x ~470k events (1/10 of the nominal training data),cthep,-0.55,-0.5,0.000478609897,0.000470887605,0.00046199824470000004,3.30495425740764e-06,0.000456737451,0.000467742769,-8.50560198431524,0.0071536078228040065
conservative band: 10 replicas x ~470k events (1/10 of the nominal training data),cthep,-0.5,-0.45,0.000522304014,0.000512064448,0.0005033061642,3.3491469077995583e-06,0.000497412814,0.000508902689,-8.269605951788883,0.006654293442090051
conservative band: 10 replicas x ~470k events (1/10 of the nominal training data),cthep,-0.45,-0.4,0.00054906918,0.000539176838,0.0005299194863000001,3.6154502790595618e-06,0.000523818019,0.000536018371,-8.097004304771175,0.006822640745490097
conservative band: 10 replicas x ~470k events (1/10 of the nominal training data),cthep,-0.4,-0.35,0.000564925725,0.000553656241,0.0005468479444,3.2527372752795497e-06,0.000541332703,0.000552141955,-6.618955796277828,0.0059481567199606905
conservative band: 10 replicas x ~470k events (1/10 of the nominal training data),cthep,-0.35,-0.3,0.000604033742,0.00059026349,0.0005819016673,3.3500537781784624e-06,0.000574856698,0.00058670787,-7.8931285505740885,0.00575707884413285
conservative band: 10 replicas x ~470k events (1/10 of the nominal training data),cthep,-0.3,-0.25,0.000615790486,0.000600991091,0.0005927123277999999,2.4569757169139603e-06,0.000588146225,0.000597000655,-10.655273367563804,0.004145308949509521
conservative band: 10 replicas x ~470k events (1/10 of the nominal training data),cthep,-0.25,-0.2,0.000635036412,0.00061912667,0.0006113539028,3.320487722641503e-06,0.000606813007,0.000615739456,-7.402421007807857,0.005431367506502655
conservative band: 10 replicas x ~470k events (1/10 of the nominal training data),cthep,-0.2,-0.15,0.000666076808,0.000646636938,0.0006383145534,2.6536815678204855e-06,0.000635048602,0.00064263827,-9.91742612190062,0.004157325810112863
conservative band: 10 replicas x ~470k events (1/10 of the nominal training data),cthep,-0.15,-0.1,0.000662891464,0.000648124194,0.0006397761829,2.9099125918073807e-06,0.000635148438,0.000644487877,-9.072000678883281,0.004548329040035886
conservative band: 10 replicas x ~470k events (1/10 of the nominal training data),cthep,-0.1,-0.05,0.000667685099,0.000651056687,0.0006420086036999999,2.5426803974688e-06,0.000637379225,0.000647079386,-11.252909219505552,0.003960508290410626
conservative band: 10 replicas x ~470k events (1/10 of the nominal training data),cthep,-0.05,0.0,0.000660745696,0.00064454141,0.0006359094039000001,2.513791825445845e-06,0.000632104756,0.000639572679,-10.858814869296323,0.003953065971392918
conservative band: 10 replicas x ~470k events (1/10 of the nominal training data),cthep,0.0,0.05,0.000673779575,0.000654053818,0.0006450532683,2.318771781317525e-06,0.000641661947,0.000648003011,-12.274703994100319,0.003594698136215187
conservative band: 10 replicas x ~470k events (1/10 of the nominal training data),cthep,0.05,0.1,0.000671344807,0.000655222546,0.000645940868,2.792920566604516e-06,0.000641007266,0.000649542245,-10.509157811086602,0.0043238022316998154
conservative band: 10 replicas x ~470k events (1/10 of the nominal training data),cthep,0.1,0.15,0.000664097048,0.000643224528,0.0006357819507,2.5646427815840094e-06,0.000630081431,0.000639476029,-9.176909977041692,0.004033840184925541
conservative band: 10 replicas x ~470k events (1/10 of the nominal training data),cthep,0.15,0.2,0.000653529883,0.000632081124,0.0006252414885000001,2.260105099266275e-06,0.000621967681,0.000628446133,-9.569832196018577,0.003614771477638875
conservative band: 10 replicas x ~470k events (1/10 of the nominal training data),cthep,0.2,0.25,0.000635977096,0.000617049512,0.0006111100328,2.6829087057922345e-06,0.000606263169,0.00061437548,-7.000716180407023,0.004390221992428455
conservative band: 10 replicas x ~470k events (1/10 of the nominal training data),cthep,0.25,0.3,0.000625667,0.000608172969,0.0006052503846,2.7831085294887e-06,0.000600503429,0.000609483034,-3.3207556443278596,0.004598276350254632
conservative band: 10 replicas x ~470k events (1/10 of the nominal training data),cthep,0.3,0.35,0.000601612871,0.000580324779,0.0005766529207999998,2.5139162093590107e-06,0.000572226517,0.000580374137,-4.618863235750979,0.00435949618684219
conservative band: 10 replicas x ~470k events (1/10 of the nominal training data),cthep,0.35,0.4,0.000574017332,0.000550746631,0.0005486691125,2.5348616861920277e-06,0.00054514126,0.000552535445,-2.591735232310034,0.004620018930247377
conservative band: 10 replicas x ~470k events (1/10 of the nominal training data),cthep,0.4,0.45,0.000544646687,0.000527278788,0.0005238639799,2.4695438386599804e-06,0.00052003426,0.000527723401,-4.3726987953580165,0.004714093607144721
conservative band: 10 replicas x ~470k events (1/10 of the nominal training data),cthep,0.45,0.5,0.000510460966,0.000492476517,0.0004888466762,2.311898873922522e-06,0.000484625908,0.000491881993,-4.96499418780051,0.004729292406964559
conservative band: 10 replicas x ~470k events (1/10 of the nominal training data),cthep,0.5,0.55,0.000474445205,0.000457481907,0.00045600004009999995,2.6856191624165937e-06,0.000451260693,0.000459017979,-1.7448768085927804,0.005889515189138234
conservative band: 10 replicas x ~470k events (1/10 of the nominal training data),cthep,0.55,0.6,0.000437931885,0.000422658682,0.0004195450015,2.6698916256171707e-06,0.000415412376,0.000423969364,-3.6879108468591273,0.006363778893972047
conservative band: 10 replicas x ~470k events (1/10 of the nominal training data),cthep,0.6,0.65,0.000397195626,0.000382005427,0.000379030001,2.1927810142615692e-06,0.00037629017,0.000382644537,-4.290954321516164,0.005785243934454596
conservative band: 10 replicas x ~470k events (1/10 of the nominal training data),cthep,0.65,0.7,0.000348485877,0.000336330514,0.0003330627687,2.8759971823925314e-06,0.000329397141,0.000337656261,-3.593020891875062,0.00863500052442977
conservative band: 10 replicas x ~470k events (1/10 of the nominal training data),cthep,0.7,0.75,0.00030604308,0.000292699075,0.000290716036,2.8183892341313597e-06,0.000286059808,0.00029515395,-2.225001377737445,0.009694646614304274
conservative band: 10 replicas x ~470k events (1/10 of the nominal training data),cthep,0.75,0.8,0.000251799829,0.000241482898,0.0002411307042,2.4983396041125994e-06,0.000237129571,0.000244175349,-0.4457899094087979,0.010360935213129939
conservative band: 10 replicas x ~470k events (1/10 of the nominal training data),cthep,0.8,0.85,0.000199179275,0.000189535162,0.00019179136480000002,2.499523577801658e-06,0.000187430347,0.000195487118,2.854439851903457,0.013032513640059659
conservative band: 10 replicas x ~470k events (1/10 of the nominal training data),cthep,0.85,0.9,0.000146287334,0.000136152149,0.00014425904419999999,1.9702761097115175e-06,0.000141660331,0.000147471858,13.011503036515927,0.013657903534837906
conservative band: 10 replicas x ~470k events (1/10 of the nominal training data),cthep,0.9,0.95,8.45051576e-05,8.10040049e-05,9.680628607000001e-05,2.0552039007089733e-06,9.4950211e-05,0.0001012633,24.314473472122238,0.021230066601489787
conservative band: 10 replicas x ~470k events (1/10 of the nominal training data),cthep,0.95,1.0,2.80768483e-05,3.69702913e-05,6.0677597790000005e-05,2.3787737866067915e-06,5.70692214e-05,6.48065341e-05,31.515853301474166,0.03920349310530593
conservative band: 10 replicas x ~470k events (1/10 of the nominal training data),ptep,0.0,10.0,3.56882116e-07,3.61384372e-07,3.576452438e-07,4.3889415804038415e-09,3.52164625e-07,3.66262263e-07,-2.6940804197894224,0.01227177393377611
conservative band: 10 replicas x ~470k events (1/10 of the nominal training data),ptep,10.0,20.0,3.66335617e-06,3.65605528e-06,3.5946860800000004e-06,3.407986915983485e-08,3.55964242e-06,3.66002241e-06,-5.694459954415638,0.009480624566759067
conservative band: 10 replicas x ~470k events (1/10 of the nominal training data),ptep,20.0,30.0,1.08850138e-05,1.07179904e-05,1.053436875e-05,7.445833788078707e-08,1.04382474e-05,1.06470439e-05,-7.798490514896263,0.007068134754708209
conservative band: 10 replicas x ~470k events (1/10 of the nominal training data),ptep,30.0,40.0,2.16776177e-05,2.10200694e-05,2.0734028940000002e-05,1.1604293621007695e-07,2.05519615e-05,2.09563292e-05,-7.794867883425148,0.005596738412292239
conservative band: 10 replicas x ~470k events (1/10 of the nominal training data),ptep,40.0,50.0,2.34405492e-05,2.25211331e-05,2.234644899e-05,1.0719154598060512e-07,2.21733377e-05,2.25190221e-05,-5.153388297425417,0.004796804451059457
conservative band: 10 replicas x ~470k events (1/10 of the nominal training data),ptep,50.0,60.0,1.51749222e-05,1.48045402e-05,1.473698422e-05,5.5824503700571517e-08,1.46658879e-05,1.48133655e-05,-3.8268278659608037,0.0037880547924323904
conservative band: 10 replicas x ~470k events (1/10 of the nominal training data),ptep,60.0,70.0,7.13885046e-06,7.06998155e-06,7.060766463e-06,3.987205625573713e-08,7.00110522e-06,7.12150506e-06,-0.7308542998058993,0.005646986975801516
conservative band: 10 replicas x ~470k events (1/10 of the nominal training data),ptep,70.0,80.0,3.07530461e-06,3.05602699e-06,3.0629559850000005e-06,1.809433316955297e-08,3.04146784e-06,3.0878073e-06,1.210954053437577,0.005907474106113532
conservative band: 10 replicas x ~470k events (1/10 of the nominal training data),ptep,80.0,90.0,1.36454171e-06,1.36119836e-06,1.360036326e-06,1.0393559600635381e-08,1.34657087e-06,1.37766001e-06,-0.3535529981789394,0.007642119112512133
conservative band: 10 replicas x ~470k events (1/10 of the nominal training data),ptep,90.0,100.0,6.79006379e-07,6.81666295e-07,6.801332747999999e-07,6.153478543445785e-09,6.69783993e-07,6.88974929e-07,-0.7878203355743655,0.009047459919168457
conservative band: 10 replicas x ~470k events (1/10 of the nominal training data),ptep,100.0,110.0,3.53184911e-07,3.51863931e-07,3.5225188980000003e-07,3.993358912588305e-09,3.46472169e-07,3.59555122e-07,0.30721842768464613,0.011336657171252186
conservative band: 10 replicas x ~470k events (1/10 of the nominal training data),ptep,110.0,120.0,1.90871165e-07,1.88490797e-07,1.9019161249999998e-07,2.7358090855598104e-09,1.8648296e-07,1.9404382e-07,1.9659452438061922,0.014384488619653565
conservative band: 10 replicas x ~470k events (1/10 of the nominal training data),ptep,120.0,130.0,1.13220233e-07,1.17483541e-07,1.164068925e-07,2.070704378452695e-09,1.13570349e-07,1.20498137e-07,-1.6442045203709275,0.017788503188955886
conservative band: 10 replicas x ~470k events (1/10 of the nominal training data),ptep,130.0,140.0,7.1794212e-08,7.35544136e-08,7.270242778000002e-08,2.0743655281641792e-09,6.96122573e-08,7.60363239e-08,-1.2988143549370352,0.028532273151060085
conservative band: 10 replicas x ~470k events (1/10 of the nominal training data),ptep,140.0,150.0,4.67817504e-08,4.72164667e-08,4.513696794e-08,1.5818173023027792e-09,4.2760153e-08,4.7665485e-08,-4.15721364504149,0.03504482854066469
conservative band: 10 replicas x ~470k events (1/10 of the nominal training data),ptep,150.0,160.0,3.09337092e-08,3.22550822e-08,3.057250630999999e-08,9.269309533465163e-10,2.88291531e-08,3.21304403e-08,-5.740203333673653,0.03031910252785934
conservative band: 10 replicas x ~470k events (1/10 of the nominal training data),ptep,160.0,170.0,2.04134708e-08,2.08071152e-08,1.943202438e-08,9.26964110924753e-10,1.82842544e-08,2.10059357e-08,-4.691032726661414,0.04770291004157092
conservative band: 10 replicas x ~470k events (1/10 of the nominal training data),ptep,170.0,180.0,1.23040439e-08,1.36150131e-08,1.2813352540000001e-08,6.175832425334383e-10,1.19072964e-08,1.40626719e-08,-4.104828475472782,0.04819841182122335
conservative band: 10 replicas x ~470k events (1/10 of the nominal training data),ptep,180.0,190.0,1.04294992e-08,1.18531263e-08,1.0250113997999999e-08,6.016620704800566e-10,9.49403653e-09,1.11801042e-08,-8.425277643885842,0.05869808575762698
conservative band: 10 replicas x ~470k events (1/10 of the nominal training data),ptep,190.0,200.0,7.3727493e-09,8.20992846e-09,7.466768738e-09,6.694407184627835e-10,6.41011987e-09,8.41110911e-09,-3.5105085812735672,0.0896560134581181
conservative band: 10 replicas x ~470k events (1/10 of the nominal training data),ptep,200.0,210.0,5.1979993e-09,5.47422705e-09,4.928158426e-09,3.6569361025233823e-10,4.46955998e-09,5.51512835e-09,-4.722042065221034,0.07420492172552941
conservative band: 10 replicas x ~470k events (1/10 of the nominal training data),ptep,210.0,220.0,2.84190293e-09,3.60896094e-09,3.0926743839999997e-09,3.0298344937486237e-10,2.78312755e-09,3.6289972e-09,-5.388549921299851,0.09796810519153006
conservative band: 10 replicas x ~470k events (1/10 of the nominal training data),ptep,220.0,230.0,2.24102028e-09,2.86819488e-09,2.461961661e-09,2.699304088144591e-10,2.08093359e-09,2.9134127e-09,-4.759086754634576,0.1096403786827528
conservative band: 10 replicas x ~470k events (1/10 of the nominal training data),ptep,230.0,240.0,2.19236299e-09,2.41962689e-09,2.2140430339999998e-09,2.481629926601227e-10,1.82647286e-09,2.64115044e-09,-2.6197025920397836,0.11208589392762577
conservative band: 10 replicas x ~470k events (1/10 of the nominal training data),ptep,240.0,250.0,1.63775663e-09,1.92867565e-09,1.397044924e-09,2.323134649673822e-10,1.07060071e-09,1.82523221e-09,-7.236618714825415,0.16628918725263714
conservative band: 10 replicas x ~470k events (1/10 of the nominal training data),ptep,250.0,260.0,1.49551718e-09,2.19471309e-09,1.534240924e-09,1.2855851455486467e-10,1.27995108e-09,1.73632377e-09,-16.246270291288063,0.08379291188485119
conservative band: 10 replicas x ~470k events (1/10 of the nominal training data),ptep,260.0,270.0,7.65101129e-10,1.25170623e-09,8.401839256000001e-10,1.3705564482202082e-10,6.71701463e-10,1.17785286e-09,-9.495032412237009,0.16312576406903445
conservative band: 10 replicas x ~470k events (1/10 of the nominal training data),ptep,270.0,280.0,1.09137737e-09,1.22196763e-09,8.738399736999999e-10,1.499658185449498e-10,5.95551807e-10,1.17072481e-09,-7.340848208515574,0.17161702721147765
conservative band: 10 replicas x ~470k events (1/10 of the nominal training data),ptep,280.0,290.0,5.59669408e-10,8.39889873e-10,6.641208266e-10,9.373204721353118e-11,5.24653034e-10,7.9769017e-10,-5.929994546193796,0.14113703931466373
conservative band: 10 replicas x ~470k events (1/10 of the nominal training data),ptep,290.0,300.0,6.78691509e-10,7.01657157e-10,4.912983876e-10,1.1013604796709977e-10,2.99995595e-10,6.51405222e-10,-6.039919257796924,0.22417343664634443
conservative band: 10 replicas x ~470k events (1/10 of the nominal training data),ptep,300.0,310.0,6.51398824e-10,7.23508072e-10,4.3610707339999995e-10,8.386314700592775e-11,3.40417053e-10,5.86253544e-10,-10.837200723204718,0.19229944231839594
conservative band: 10 replicas x ~470k events (1/10 of the nominal training data),ptep,310.0,320.0,3.12926213e-10,4.18693911e-10,2.888261347e-10,7.840755723968973e-11,2.05422682e-10,4.52727356e-10,-5.23773450196648,0.27146974535781065
conservative band: 10 replicas x ~470k events (1/10 of the nominal training data),ptep,320.0,330.0,2.22601816e-10,3.33636975e-10,2.6505820939999994e-10,6.283266341363607e-11,1.6235147e-10,3.42446187e-10,-3.4514707261595965,0.23705231977484295
conservative band: 10 replicas x ~470k events (1/10 of the nominal training data),ptep,330.0,340.0,3.06411394e-10,4.19224583e-10,2.835455959e-10,7.612268867959782e-11,2.09439618e-10,4.55800299e-10,-5.636356745969716,0.2684671875716403
conservative band: 10 replicas x ~470k events (1/10 of the nominal training data),ptep,340.0,350.0,1.53367799e-10,3.24035118e-10,1.86423662e-10,6.187665577366832e-11,1.09116164e-10,2.97402477e-10,-7.0327917314049335,0.33191417392963946
conservative band: 10 replicas x ~470k events (1/10 of the nominal training data),ptep,350.0,360.0,8.24405865e-11,1.34317625e-10,9.141278349999999e-11,3.374934608671323e-11,5.13346736e-11,1.65037594e-10,-4.020137795852876,0.36919722597346827
conservative band: 10 replicas x ~470k events (1/10 of the nominal training data),ptep,360.0,370.0,1.03769414e-10,1.80230395e-10,9.476498246000001e-11,4.056295906183302e-11,4.72332174e-11,1.80714586e-10,-6.66286116800137,0.4280374248890355
conservative band: 10 replicas x ~470k events (1/10 of the nominal training data),ptep,370.0,380.0,1.94032576e-10,1.60759502e-10,1.189881483e-10,3.98400768028293e-11,8.27968955e-11,2.17630442e-10,-3.3155713854226576,0.33482390785998395
conservative band: 10 replicas x ~470k events (1/10 of the nominal training data),ptep,380.0,390.0,3.80224069e-11,9.85820868e-11,6.961819361999999e-11,2.265194837598563e-11,2.8412259e-11,1.0690874e-10,-4.043443452825367,0.3253739747921031
conservative band: 10 replicas x ~470k events (1/10 of the nominal training data),ptep,390.0,400.0,1.55411025e-11,6.54052004e-11,3.838640665e-11,2.3626598275121394e-11,1.300149e-11,9.37763357e-11,-3.616302562281707,0.6154938775734924
conservative band: 10 replicas x ~470k events (1/10 of the nominal training data),yep,-2.5,-2.25,7.54408641e-05,7.31768933e-05,7.241412930999999e-05,4.79620859650704e-07,7.1742967e-05,7.32606512e-05,-5.029121392498615,0.006623304929863612
conservative band: 10 replicas x ~470k events (1/10 of the nominal training data),yep,-2.25,-2.0,0.00010280683,9.94869967e-05,9.892729278000003e-05,4.6616847535238437e-07,9.82383084e-05,9.96910707e-05,-3.7967801258689944,0.0047122332194925775
conservative band: 10 replicas x ~470k events (1/10 of the nominal training data),yep,-2.0,-1.75,0.000125666105,0.000122246732,0.000120915281,5.74431315998701e-07,0.000119845122,0.000121740531,-7.329714859971851,0.004750692478634698
conservative band: 10 replicas x ~470k events (1/10 of the nominal training data),yep,-1.75,-1.5,0.000152548236,0.000148554657,0.00014739500039999997,6.886720110567356e-07,0.00014629952,0.00014856334,-5.324967619955677,0.00467228881025693
conservative band: 10 replicas x ~470k events (1/10 of the nominal training data),yep,-1.5,-1.25,0.00017285236,0.000168478267,0.00016708456699999997,9.902739911617003e-07,0.000165253113,0.00016839231,-4.450552487808498,0.005926783119123746
conservative band: 10 replicas x ~470k events (1/10 of the nominal training data),yep,-1.25,-1.0,0.00019796554,0.000193099691,0.00019177216929999998,1.098560563498338e-06,0.000190013147,0.00019309544,-3.8213571056386546,0.005728467105045873
conservative band: 10 replicas x ~470k events (1/10 of the nominal training data),yep,-1.0,-0.75,0.000215672262,0.000211081673,0.00020919401659999997,1.0859042891963031e-06,0.000207398579,0.000210871741,-5.497071632539501,0.005190895546848558
conservative band: 10 replicas x ~470k events (1/10 of the nominal training data),yep,-0.75,-0.5,0.000230521089,0.000225561576,0.00022349976650000002,1.2331944823716332e-06,0.000221768716,0.000225239496,-5.287093167035419,0.005517654455230194
conservative band: 10 replicas x ~470k events (1/10 of the nominal training data),yep,-0.5,-0.25,0.000243793799,0.000238166025,0.00023577242320000003,1.1751311223966797e-06,0.000233821712,0.000237706717,-6.44118205638302,0.00498417544531849
conservative band: 10 replicas x ~470k events (1/10 of the nominal training data),yep,-0.25,0.0,0.000249504183,0.000244070114,0.00024103883,1.1261120298029339e-06,0.000239113899,0.000242835904,-8.51226291979432,0.004671911284181615
conservative band: 10 replicas x ~470k events (1/10 of the nominal training data),yep,0.0,0.25,0.000244640709,0.000239023217,0.00023674386909999998,1.2406472378990503e-06,0.0002353686,0.000238758554,-5.809815009242975,0.005240461949935456
conservative band: 10 replicas x ~470k events (1/10 of the nominal training data),yep,0.25,0.5,0.000242391381,0.000236617724,0.00023448606769999996,1.2313889164126842e-06,0.000232949042,0.000236678161,-5.474216152834213,0.005251437445691297
conservative band: 10 replicas x ~470k events (1/10 of the nominal training data),yep,0.5,0.75,0.000235267852,0.000228853551,0.0002269059807,1.2111582664277336e-06,0.000225488802,0.000228885702,-5.085015081854181,0.005337709754019425
conservative band: 10 replicas x ~470k events (1/10 of the nominal training data),yep,0.75,1.0,0.000217925427,0.00021268937,0.00021101369209999997,1.0501248976278362e-06,0.000209788937,0.000212685254,-5.046027192363443,0.004976572312332127
conservative band: 10 replicas x ~470k events (1/10 of the nominal training data),yep,1.0,1.25,0.000196602909,0.000192101025,0.0001905436781,9.080967491438685e-07,0.000189547287,0.000192071359,-5.423170290660589,0.0047658193554303415
conservative band: 10 replicas x ~470k events (1/10 of the nominal training data),yep,1.25,1.5,0.000172883567,0.000168999505,0.00016742183079999998,7.371545571122038e-07,0.000166693466,0.000169004707,-6.767975358150889,0.004402977518462329
conservative band: 10 replicas x ~470k events (1/10 of the nominal training data),yep,1.5,1.75,0.000153728141,0.000149568171,0.00014791263510000003,6.938209724711165e-07,0.000147065618,0.000149255403,-7.5455548331592475,0.0046907485084154
conservative band: 10 replicas x ~470k events (1/10 of the nominal training data),yep,1.75,2.0,0.000124242649,0.000120780084,0.0001194649455,5.100141680651313e-07,0.000118779156,0.000120179881,-8.154348171061487,0.004269153314644347
conservative band: 10 replicas x ~470k events (1/10 of the nominal training data),yep,2.0,2.25,0.000103514372,0.000100419645,9.940546796999999e-05,4.2746108991685496e-07,9.84518189e-05,9.99117693e-05,-7.502693089676895,0.004300176827756199
conservative band: 10 replicas x ~470k events (1/10 of the nominal training data),yep,2.25,2.5,7.54123471e-05,7.26811145e-05,7.193425871999999e-05,5.001941050045391e-07,7.07459548e-05,7.25948295e-05,-4.721697686621481,0.006953489393023653
conservative band: 10 replicas x ~470k events (1/10 of the nominal training data),pt4l,0.0,5.0,2.29385586e-05,2.23047542e-05,2.2128824129999997e-05,1.0637367697125313e-07,2.19926847e-05,2.22901317e-05,-5.230050760238536,0.004807018951677716
conservative band: 10 replicas x ~470k events (1/10 of the nominal training data),pt4l,5.0,10.0,3.27999375e-05,3.19891733e-05,3.170681052e-05,1.522438336993054e-07,3.15216182e-05,3.19239273e-05,-5.864996233743221,0.0048016130037196
conservative band: 10 replicas x ~470k events (1/10 of the nominal training data),pt4l,10.0,15.0,2.41883724e-05,2.34971384e-05,2.327450593e-05,1.0444459446874252e-07,2.3128234e-05,2.34346642e-05,-6.740661782355829,0.004487510703035685
conservative band: 10 replicas x ~470k events (1/10 of the nominal training data),pt4l,15.0,20.0,1.75536598e-05,1.71060668e-05,1.6956160449999998e-05,7.662361091919456e-08,1.68501424e-05,1.70618581e-05,-6.18667661358717,0.004518924620060113
conservative band: 10 replicas x ~470k events (1/10 of the nominal training data),pt4l,20.0,25.0,1.30753788e-05,1.27779374e-05,1.2673459760000001e-05,5.356689784725486e-08,1.25745392e-05,1.27509344e-05,-6.167751358333319,0.004226698854272044
conservative band: 10 replicas x ~470k events (1/10 of the nominal training data),pt4l,25.0,30.0,1.01473262e-05,9.94022434e-06,9.875582442e-06,4.7454100095145307e-08,9.80797486e-06,9.9414683e-06,-4.307649487534934,0.00480519507318648
conservative band: 10 replicas x ~470k events (1/10 of the nominal training data),pt4l,30.0,35.0,8.14717445e-06,7.91267769e-06,7.850791658e-06,3.159111790335531e-08,7.8211306e-06,7.90874876e-06,-6.194805041998248,0.004023940422767911
conservative band: 10 replicas x ~470k events (1/10 of the nominal training data),pt4l,35.0,40.0,6.66704464e-06,6.51788002e-06,6.450209416e-06,2.9446812015941354e-08,6.41432928e-06,6.49014541e-06,-7.2671105844480905,0.00456524898910993
conservative band: 10 replicas x ~470k events (1/10 of the nominal training data),pt4l,40.0,45.0,5.50378927e-06,5.34694954e-06,5.308329037000001e-06,2.236166010684813e-08,5.27407982e-06,5.33522993e-06,-5.461524469910127,0.004212561043406196
conservative band: 10 replicas x ~470k events (1/10 of the nominal training data),pt4l,45.0,50.0,4.55178532e-06,4.46326422e-06,4.414296942e-06,2.169656340263884e-08,4.38344882e-06,4.45472163e-06,-7.136988767530856,0.004915066586528433
conservative band: 10 replicas x ~470k events (1/10 of the nominal training data),pt4l,50.0,55.0,3.80648608e-06,3.70916492e-06,3.6813601280000002e-06,1.4271276760210683e-08,3.66068969e-06,3.70041941e-06,-6.16107963320929,0.0038766315339988063
conservative band: 10 replicas x ~470k events (1/10 of the nominal training data),pt4l,55.0,60.0,3.35068543e-06,3.26635447e-06,3.22881036e-06,1.6672183353241162e-08,3.1981148e-06,3.25062835e-06,-7.121136914609575,0.005163568464653081
conservative band: 10 replicas x ~470k events (1/10 of the nominal training data),pt4l,60.0,65.0,2.85183575e-06,2.80071522e-06,2.7803536149999997e-06,1.1228218549432828e-08,2.76285018e-06,2.7973479e-06,-5.734573862558629,0.004038413850978027
conservative band: 10 replicas x ~470k events (1/10 of the nominal training data),pt4l,65.0,70.0,2.52449883e-06,2.46749628e-06,2.447351169e-06,1.1420672851429895e-08,2.43396927e-06,2.46800441e-06,-5.57799311000641,0.004666544383206126
conservative band: 10 replicas x ~470k events (1/10 of the nominal training data),pt4l,70.0,75.0,2.17130126e-06,2.12431937e-06,2.109961012e-06,1.2282163209411356e-08,2.09577749e-06,2.13056268e-06,-3.6968336901195786,0.005821037990540536
conservative band: 10 replicas x ~470k events (1/10 of the nominal training data),pt4l,75.0,80.0,1.8359357e-06,1.80674166e-06,1.792292258e-06,1.2368230201857046e-08,1.773129e-06,1.8117629e-06,-3.694386375548803,0.006900788722738011
conservative band: 10 replicas x ~470k events (1/10 of the nominal training data),pt4l,80.0,85.0,1.62838388e-06,1.58263871e-06,1.5685351030000003e-06,8.300363576782567e-09,1.55500959e-06,1.58157819e-06,-5.37320093648008,0.005291793317795174
conservative band: 10 replicas x ~470k events (1/10 of the nominal training data),pt4l,85.0,90.0,1.42723466e-06,1.40510929e-06,1.388410657e-06,8.510823771437658e-09,1.37248072e-06,1.40247528e-06,-6.204536189371772,0.006129903806577925
conservative band: 10 replicas x ~470k events (1/10 of the nominal training data),pt4l,90.0,95.0,1.23665496e-06,1.20878286e-06,1.200813956e-06,7.67096128623643e-09,1.18931959e-06,1.21227566e-06,-3.2851015869994376,0.006388134688065226
conservative band: 10 replicas x ~470k events (1/10 of the nominal training data),pt4l,95.0,100.0,1.10098946e-06,1.08794546e-06,1.0741217899999999e-06,5.2452767217479255e-09,1.06588776e-06,1.0835612e-06,-8.334027953433276,0.004883316557378402
conservative band: 10 replicas x ~470k events (1/10 of the nominal training data),pt4l,100.0,105.0,9.84844493e-07,9.64740842e-07,9.507000375999999e-07,5.620286529898509e-09,9.43573576e-07,9.58494384e-07,-7.900117164616502,0.005911734834981887
conservative band: 10 replicas x ~470k events (1/10 of the nominal training data),pt4l,105.0,110.0,8.54404072e-07,8.50007024e-07,8.323874261e-07,5.029654844001236e-09,8.25797454e-07,8.40017781e-07,-11.077909428869367,0.006042444523179273
conservative band: 10 replicas x ~470k events (1/10 of the nominal training data),pt4l,110.0,115.0,7.61514876e-07,7.38868011e-07,7.317249699e-07,4.729930576889554e-09,7.25811747e-07,7.39482023e-07,-4.77560482738606,0.006464082505665977
conservative band: 10 replicas x ~470k events (1/10 of the nominal training data),pt4l,115.0,120.0,6.7322636e-07,6.68948203e-07,6.593994928e-07,5.7778842720397154e-09,6.50293962e-07,6.69197529e-07,-5.226077838734943,0.008762342608886696
conservative band: 10 replicas x ~470k events (1/10 of the nominal training data),pt4l,120.0,125.0,5.84780013e-07,5.73603621e-07,5.670370480000001e-07,4.030777093806104e-09,5.60635217e-07,5.73147246e-07,-5.151693238922521,0.0071084898385794775
conservative band: 10 replicas x ~470k events (1/10 of the nominal training data),pt4l,125.0,130.0,5.43885941e-07,5.30004775e-07,5.211518239e-07,4.537850502407953e-09,5.13646441e-07,5.26831842e-07,-6.169328292158955,0.008707348404634363
conservative band: 10 replicas x ~470k events (1/10 of the nominal training data),pt4l,130.0,135.0,4.81509971e-07,4.80306695e-07,4.7307578969999996e-07,3.2661641223417557e-09,4.68330559e-07,4.79274662e-07,-7.000912825099827,0.006904103303221217
conservative band: 10 replicas x ~470k events (1/10 of the nominal training data),pt4l,135.0,140.0,4.26223747e-07,4.1774621e-07,4.1171023539999996e-07,5.675303192864915e-09,4.05100676e-07,4.23846742e-07,-3.363243686948912,0.013784702698369969
conservative band: 10 replicas x ~470k events (1/10 of the nominal training data),pt4l,140.0,145.0,3.64676638e-07,3.65246408e-07,3.649798960000001e-07,4.5369981634718255e-09,3.58880393e-07,3.744609e-07,-0.185758273069626,0.012430816637286303
conservative band: 10 replicas x ~470k events (1/10 of the nominal training data),pt4l,145.0,150.0,3.33507493e-07,3.22362552e-07,3.2261332590000003e-07,3.286690421848274e-09,3.16723607e-07,3.2779644e-07,0.24128122820813466,0.010187708188058682
conservative band: 10 replicas x ~470k events (1/10 of the nominal training data),pt4l,150.0,155.0,3.00025332e-07,2.92564478e-07,2.879654879e-07,4.684063458629853e-09,2.82027962e-07,2.95370098e-07,-3.10484342943116,0.016266058453006212
conservative band: 10 replicas x ~470k events (1/10 of the nominal training data),pt4l,155.0,160.0,2.60996935e-07,2.55383204e-07,2.5137562970000004e-07,2.4009306740998043e-09,2.46878822e-07,2.54401356e-07,-5.2783959224921535,0.00955116721921355
conservative band: 10 replicas x ~470k events (1/10 of the nominal training data),pt4l,160.0,165.0,2.37154265e-07,2.31724548e-07,2.275073425e-07,1.4780837279246404e-09,2.24852736e-07,2.29677494e-07,-9.022475851022381,0.006496861647112073
conservative band: 10 replicas x ~470k events (1/10 of the nominal training data),pt4l,165.0,170.0,2.27553907e-07,2.13880083e-07,2.1102796740000002e-07,3.0397946578343907e-09,2.06591989e-07,2.16093876e-07,-2.9670364157173292,0.014404700454099102
conservative band: 10 replicas x ~470k events (1/10 of the nominal training data),pt4l,170.0,175.0,2.0245789e-07,1.96329974e-07,1.9394730410000002e-07,2.5863028455342497e-09,1.89346712e-07,1.97916279e-07,-2.9132952505293788,0.013335080152497203
conservative band: 10 replicas x ~470k events (1/10 of the nominal training data),pt4l,175.0,180.0,1.85945241e-07,1.74773868e-07,1.727519239e-07,3.3880016771850563e-09,1.68223828e-07,1.79539092e-07,-1.8872330260626362,0.019611947587606902
conservative band: 10 replicas x ~470k events (1/10 of the nominal training data),pt4l,180.0,185.0,1.62063574e-07,1.57228207e-07,1.5619724320000003e-07,4.0786010924020085e-09,1.49999754e-07,1.65454929e-07,-0.7993411758888537,0.026111863492876343
conservative band: 10 replicas x ~470k events (1/10 of the nominal training data),pt4l,185.0,190.0,1.44291187e-07,1.38792802e-07,1.3624819549999998e-07,2.790129912770265e-09,1.31400561e-07,1.40043834e-07,-2.884006315275763,0.02047828892361562
conservative band: 10 replicas x ~470k events (1/10 of the nominal training data),pt4l,190.0,195.0,1.42413635e-07,1.37727133e-07,1.323611846e-07,1.7976328747382232e-09,1.30277578e-07,1.36225355e-07,-9.439423916525381,0.013581269162638056
conservative band: 10 replicas x ~470k events (1/10 of the nominal training data),pt4l,195.0,200.0,1.08526802e-07,1.058464e-07,1.041960367e-07,2.624682027948489e-09,1.00836549e-07,1.09895489e-07,-1.98839590441017,0.025189845133029794
conservative band: 10 replicas x ~470k events (1/10 of the nominal training data),pt4l,200.0,205.0,9.82338512e-08,9.82106459e-08,9.446867806e-08,2.2023119814922265e-09,9.13159143e-08,9.75054169e-08,-5.373054047266597,0.023312615638523805
conservative band: 10 replicas x ~470k events (1/10 of the nominal training data),pt4l,205.0,210.0,1.01330368e-07,9.70844218e-08,9.24818237e-08,2.3974184926371116e-09,8.87012715e-08,9.58460757e-08,-6.070985601831057,0.025923131667624236
conservative band: 10 replicas x ~470k events (1/10 of the nominal training data),pt4l,210.0,215.0,8.0642629e-08,7.91780988e-08,7.663511043000001e-08,2.009397349839146e-09,7.38008538e-08,8.00073787e-08,-4.002013495818883,0.026220323015970187
conservative band: 10 replicas x ~470k events (1/10 of the nominal training data),pt4l,215.0,220.0,8.01513687e-08,8.0633409e-08,7.502267829999999e-08,2.002857629637646e-09,7.02518017e-08,7.70113399e-08,-8.85868675200889,0.02669669591944768
conservative band: 10 replicas x ~470k events (1/10 of the nominal training data),pt4l,220.0,225.0,7.15635429e-08,6.96460666e-08,6.706255647999999e-08,2.503697740597569e-09,6.31682236e-08,7.13470771e-08,-3.2630841194692413,0.03733376524863386
conservative band: 10 replicas x ~470k events (1/10 of the nominal training data),pt4l,225.0,230.0,5.86879478e-08,5.5787071e-08,5.291305925e-08,1.6976618595925653e-09,5.11984313e-08,5.65142494e-08,-5.353494337363288,0.03208398613982172
conservative band: 10 replicas x ~470k events (1/10 of the nominal training data),pt4l,230.0,235.0,5.96143306e-08,5.74758239e-08,5.5269192070000006e-08,2.5228187543472686e-09,5.22551061e-08,6.03914281e-08,-2.765946831575252,0.045646021949299474
conservative band: 10 replicas x ~470k events (1/10 of the nominal training data),pt4l,235.0,240.0,4.97283236e-08,4.87473712e-08,4.925653265e-08,1.8844793893571984e-09,4.63294012e-08,5.26998554e-08,0.8544056718514471,0.03825846619671063
conservative band: 10 replicas x ~470k events (1/10 of the nominal training data),pt4l,240.0,245.0,3.98703325e-08,4.00484781e-08,3.715980905000001e-08,1.531464962488949e-09,3.38278252e-08,3.97113207e-08,-5.964729085012087,0.04121293950752819
conservative band: 10 replicas x ~470k events (1/10 of the nominal training data),pt4l,245.0,250.0,3.8375949e-08,3.84468831e-08,3.646743985000001e-08,1.3386855724500297e-09,3.44661325e-08,3.84862146e-08,-4.675892007702749,0.036709063700561075
conservative band: 10 replicas x ~470k events (1/10 of the nominal training data),pt4l,250.0,255.0,4.83723721e-08,4.56932069e-08,4.033763419e-08,1.8578014925573082e-09,3.85955981e-08,4.40425952e-08,-9.116048192494384,0.04605628291948443
conservative band: 10 replicas x ~470k events (1/10 of the nominal training data),pt4l,255.0,260.0,3.3978152e-08,3.34527671e-08,3.0905888200000006e-08,1.1158174947731936e-09,2.93009102e-08,3.2918835e-08,-7.21797093731827,0.03610371873322163
conservative band: 10 replicas x ~470k events (1/10 of the nominal training data),pt4l,260.0,265.0,3.57650227e-08,3.58979784e-08,3.4459642170000006e-08,1.5277567673440178e-09,3.24970073e-08,3.73141597e-08,-2.977187615962684,0.04433466719727164
conservative band: 10 replicas x ~470k events (1/10 of the nominal training data),pt4l,265.0,270.0,2.87493698e-08,2.73693266e-08,2.6066752109999998e-08,9.174098934676148e-10,2.44780435e-08,2.729565e-08,-4.489925648025109,0.03519463758262651
conservative band: 10 replicas x ~470k events (1/10 of the nominal training data),pt4l,270.0,275.0,2.36978863e-08,2.28846347e-08,2.235428248e-08,9.683530771731406e-10,2.08781914e-08,2.41929036e-08,-1.73193127265381,0.04331845936184755
conservative band: 10 replicas x ~470k events (1/10 of the nominal training data),pt4l,275.0,280.0,2.19713944e-08,2.09151539e-08,2.0408680320000003e-08,8.563282585318929e-10,1.87105402e-08,2.14563363e-08,-1.8703225912984902,0.04195902160771818
conservative band: 10 replicas x ~470k events (1/10 of the nominal training data),pt4l,280.0,285.0,2.78472006e-08,2.76126935e-08,2.4185415360000002e-08,9.614122891373713e-10,2.23478937e-08,2.56940176e-08,-11.273004536929571,0.03975173776537412
conservative band: 10 replicas x ~470k events (1/10 of the nominal training data),pt4l,285.0,290.0,1.73010871e-08,1.76307362e-08,1.6415197290000002e-08,9.14355991505479e-10,1.47679724e-08,1.78284217e-08,-4.203911360420479,0.05570179726456878
conservative band: 10 replicas x ~470k events (1/10 of the nominal training data),pt4l,290.0,295.0,2.30350158e-08,2.25276517e-08,1.9887294409999997e-08,7.547702332197111e-10,1.8375289e-08,2.09768358e-08,-11.062363757261757,0.03795238395224779
conservative band: 10 replicas x ~470k events (1/10 of the nominal training data),pt4l,295.0,300.0,1.94553775e-08,1.95303299e-08,1.847069812e-08,7.277700674834357e-10,1.74718769e-08,1.95686007e-08,-4.604270023752688,0.03940132975782919
conservative band: 10 replicas x ~470k events (1/10 of the nominal training data),dphiee,0.0,6.0,4.73615858e-07,4.56664908e-07,4.421852213e-07,2.626902347179915e-09,4.3769345e-07,4.46141904e-07,-17.430716382283194,0.0059407285016377705
conservative band: 10 replicas x ~470k events (1/10 of the nominal training data),dphiee,6.0,12.0,4.61835328e-07,4.44164687e-07,4.306734639e-07,3.87031640587515e-09,4.25696942e-07,4.35610612e-07,-11.023128071057725,0.008986660963104558
conservative band: 10 replicas x ~470k events (1/10 of the nominal training data),dphiee,12.0,18.0,4.96455716e-07,4.83001773e-07,4.6915229559999997e-07,2.474855410481472e-09,4.63798385e-07,4.73287106e-07,-17.696344118344594,0.005275164234923701
conservative band: 10 replicas x ~470k events (1/10 of the nominal training data),dphiee,18.0,24.0,5.06142567e-07,4.92546939e-07,4.805540706e-07,4.5527220995775574e-09,4.73043072e-07,4.8747746e-07,-8.330132828924105,0.00947390185227901
conservative band: 10 replicas x ~470k events (1/10 of the nominal training data),dphiee,24.0,30.0,5.38162325e-07,5.32963712e-07,5.12195847e-07,2.3233875509284526e-09,5.09617141e-07,5.17602052e-07,-28.26638005899994,0.004536131178214048
conservative band: 10 replicas x ~470k events (1/10 of the nominal training data),dphiee,30.0,36.0,5.77640429e-07,5.64370035e-07,5.484844657e-07,3.61490495816703e-09,5.41922857e-07,5.54694317e-07,-13.89651498387347,0.006590715296838042
conservative band: 10 replicas x ~470k events (1/10 of the nominal training data),dphiee,36.0,42.0,6.74219966e-07,6.5605267e-07,6.372885751e-07,7.185972788348843e-09,6.26846422e-07,6.48909876e-07,-8.257375843637654,0.01127585377977513
conservative band: 10 replicas x ~470k events (1/10 of the nominal training data),dphiee,42.0,48.0,7.45601395e-07,7.25587667e-07,7.054794212999999e-07,6.0158243692723365e-09,6.98457584e-07,7.13481412e-07,-10.570098503387477,0.008527285400028915
conservative band: 10 replicas x ~470k events (1/10 of the nominal training data),dphiee,48.0,54.0,8.49741623e-07,8.37029831e-07,8.184397204999999e-07,6.868676562490286e-09,8.1182582e-07,8.29918889e-07,-8.558721698332269,0.008392403729249705
conservative band: 10 replicas x ~470k events (1/10 of the nominal training data),dphiee,54.0,60.0,9.6570218e-07,9.60368612e-07,9.43363654e-07,6.2879824980800865e-09,9.35072412e-07,9.53385449e-07,-8.551932008703986,0.006665491585793156
conservative band: 10 replicas x ~470k events (1/10 of the nominal training data),dphiee,60.0,66.0,1.14132553e-06,1.12017389e-06,1.0956781200000002e-06,5.755475351622441e-09,1.08908101e-06,1.10600843e-06,-13.458910256263364,0.005252888824340528
conservative band: 10 replicas x ~470k events (1/10 of the nominal training data),dphiee,66.0,72.0,1.29202811e-06,1.27398491e-06,1.2600137939999999e-06,8.521257504004864e-09,1.24727472e-06,1.27425555e-06,-5.184745091162534,0.006762828744083468
conservative band: 10 replicas x ~470k events (1/10 of the nominal training data),dphiee,72.0,78.0,1.56238298e-06,1.55089191e-06,1.5295759739999998e-06,8.192500995228935e-09,1.51984913e-06,1.54202582e-06,-8.227879161398336,0.005356060198699837
conservative band: 10 replicas x ~470k events (1/10 of the nominal training data),dphiee,78.0,84.0,1.87700375e-06,1.85622809e-06,1.8345083909999996e-06,1.3577699138048592e-08,1.81951402e-06,1.86023618e-06,-5.058568335839111,0.007401273935109842
conservative band: 10 replicas x ~470k events (1/10 of the nominal training data),dphiee,84.0,90.0,2.2706115e-06,2.25550464e-06,2.216641307e-06,1.3578393945626454e-08,2.20032419e-06,2.23957973e-06,-9.050897347485577,0.006125661333995187
conservative band: 10 replicas x ~470k events (1/10 of the nominal training data),dphiee,90.0,96.0,2.71133935e-06,2.71510136e-06,2.66967948e-06,1.167210667064481e-08,2.65704413e-06,2.68788418e-06,-12.305970161161419,0.004372100380621276
conservative band: 10 replicas x ~470k events (1/10 of the nominal training data),dphiee,96.0,102.0,3.38162325e-06,3.35234799e-06,3.3070809419999998e-06,2.0559689427386726e-08,3.27889219e-06,3.34551624e-06,-6.962506663232464,0.0062168691326172955
conservative band: 10 replicas x ~470k events (1/10 of the nominal training data),dphiee,102.0,108.0,4.01863399e-06,4.00267891e-06,3.944828335e-06,1.6757099227715247e-08,3.93014246e-06,3.97731878e-06,-10.917138966857923,0.004247865256655141
conservative band: 10 replicas x ~470k events (1/10 of the nominal training data),dphiee,108.0,114.0,4.95312074e-06,4.94075057e-06,4.859575569e-06,2.3296957399245846e-08,4.83524082e-06,4.90006666e-06,-11.01851575840358,0.004794031303445679
conservative band: 10 replicas x ~470k events (1/10 of the nominal training data),dphiee,114.0,120.0,5.89312878e-06,5.86749129e-06,5.7850859280000005e-06,2.6396293235487475e-08,5.7559972e-06,5.83102597e-06,-9.872167770145369,0.004562817832614823
conservative band: 10 replicas x ~470k events (1/10 of the nominal training data),dphiee,120.0,126.0,6.99978041e-06,6.96518647e-06,6.893688498000001e-06,3.50602171261381e-08,6.85452052e-06,6.96006624e-06,-6.448803177387681,0.005085842961472626
conservative band: 10 replicas x ~470k events (1/10 of the nominal training data),dphiee,126.0,132.0,8.40416332e-06,8.36488732e-06,8.263128952e-06,3.7846408389313605e-08,8.21380215e-06,8.3186682e-06,-8.502476920701861,0.004580154637445577
conservative band: 10 replicas x ~470k events (1/10 of the nominal training data),dphiee,132.0,138.0,9.86985663e-06,9.77538462e-06,9.671659834e-06,3.887058575966127e-08,9.62541839e-06,9.74038096e-06,-8.438426310362926,0.004019019116348015
conservative band: 10 replicas x ~470k events (1/10 of the nominal training data),dphiee,138.0,144.0,1.10460312e-05,1.09267545e-05,1.081808465e-05,4.517572274877164e-08,1.07495474e-05,1.08801444e-05,-7.606834336661339,0.004175944652898574
conservative band: 10 replicas x ~470k events (1/10 of the nominal training data),dphiee,144.0,150.0,1.19764695e-05,1.17605857e-05,1.165372293e-05,4.8919533286704226e-08,1.15796238e-05,1.17225874e-05,-6.907869465847036,0.00419776011327431
conservative band: 10 replicas x ~470k events (1/10 of the nominal training data),dphiee,150.0,156.0,1.29404553e-05,1.26502556e-05,1.2519986859999999e-05,5.604157486953955e-08,1.24424992e-05,1.26014502e-05,-7.350720019543771,0.004476168824792165
conservative band: 10 replicas x ~470k events (1/10 of the nominal training data),dphiee,156.0,162.0,1.32113654e-05,1.27384727e-05,1.2628389199999999e-05,6.710978488705382e-08,1.25207999e-05,1.27369279e-05,-5.1872404804906935,0.005314199920846106
conservative band: 10 replicas x ~470k events (1/10 of the nominal training data),dphiee,162.0,168.0,1.2993762e-05,1.23401948e-05,1.2272336279999998e-05,7.285206512309385e-08,1.21659271e-05,1.24156488e-05,-2.945523664779052,0.0059362833172865
conservative band: 10 replicas x ~470k events (1/10 of the nominal training data),dphiee,168.0,174.0,1.25189354e-05,1.17680325e-05,1.1765626549999998e-05,7.546870118883344e-08,1.16534045e-05,1.19089346e-05,-0.10081373889624778,0.00641433763583406
conservative band: 10 replicas x ~470k events (1/10 of the nominal training data),dphiee,174.0,180.0,1.18730581e-05,1.11913428e-05,1.126647091e-05,9.204343347729873e-08,1.11534335e-05,1.14273775e-05,2.5811286577251344,0.008169677462673955
