arch,train,test,n_replicas,control_mse,replica_mse_mean,replica_mse_min,mse_ratio,sigma_control_over_true,sigma_replica_mean_over_true,sigma_replica_rel_std,sigma_pull,bins_median_abs_pull,bins_frac_pull_gt2,bins_weighted_mean_rel_band_width
ffnn,LO,LO,10,0.000197,0.0003219,0.000291,1.634010152284264,0.9970914017940777,0.9938551168494537,0.004085880997659617,-2.5202171425321156,3.605497903142162,0.6,0.005108775974620158
autoencoder,LO,LO,10,0.000182,0.0002908,0.000279,1.597802197802198,0.9987225705131889,0.9963599032318811,0.00411386875245971,-1.822786877437695,2.606259482020859,0.4870967741935484,0.005046563752620816
pn,LO,LO,10,0.000249,0.0008777000000000001,0.00083,3.524899598393575,0.9992607070080304,0.9967076535427174,0.002096725688872084,-3.8632294265822757,4.2985146838510655,0.7064516129032258,0.007020342531810786
ffnn,LO,LOwS,10,0.000446,0.0006393999999999999,0.000568,1.4336322869955156,0.9866783563248259,0.9885741794974556,0.022255526250914204,0.2724900799757038,0.6465427934438854,0.25161290322580643,0.023325058704138774
ffnn,LOwS,LOwS,10,0.000228,0.00041999999999999996,0.000411,1.8421052631578945,0.9998034079051988,0.9911591017266181,0.004530533595010985,-6.0874781092889005,5.738773064871223,0.896774193548387,0.005571341137622324
autoencoder,LO,LOwS,10,0.000453,0.0007016,0.000612,1.5487858719646799,1.0044267265202613,1.042998796379345,0.018934860114761528,6.1762808529724795,5.916074579081281,0.9612903225806452,0.01954791494526524
autoencoder,LOwS,LOwS,10,0.000201,0.0004232,0.000394,2.1054726368159202,0.9979421831323917,0.9918674599095243,0.006622876751026559,-2.924328653463627,3.4552055621569258,0.7,0.007573289735656236
pn,LO,LOwS,10,0.000547,0.0010032,0.000946,1.83400365630713,0.9973305833135977,0.9912728899894893,0.0032363540048159435,-5.971150723110268,3.619987781530137,0.8419354838709677,0.0064140448101922395
pn,LOwS,LOwS,10,0.000326,0.001003,0.000942,3.076687116564417,0.9994214494796718,0.9967427541103288,0.0015762486639411281,-5.391573229218419,5.596538706191907,0.9096774193548387,0.007014366216106211
ffnn,LO,NLOPS,10,0.003075,0.0032345,0.003169,1.051869918699187,0.9610860536603202,0.9617447967303961,0.022271948269818827,0.09725187986752235,0.6174777975890645,0.25161290322580643,0.02353892412770743
ffnn,LOwS,NLOPS,10,0.002885,0.0030411,0.003029,1.054107452339688,0.9751726175764527,0.9661698709762326,0.004550232235833268,-6.4757186700041,6.168539825246137,0.9032258064516129,0.005604139079393906
ffnn,NLOPS,NLOPS,10,0.002895,0.0031404000000000002,0.003105,1.0847668393782384,0.9860993045395723,0.9825621835413111,0.01119341160386758,-1.0170150912785305,1.442132902752269,0.3,0.015290568051556876
autoencoder,LO,NLOPS,10,0.003085,0.0033026,0.003222,1.0705348460291735,0.9778788949401336,1.0140184665256715,0.018975767314760313,5.93933455940349,5.6826312607695595,0.967741935483871,0.019668404611867436
autoencoder,LOwS,NLOPS,10,0.00286,0.0030484999999999996,0.003019,1.0659090909090907,0.9729938429639161,0.9659886934388758,0.006612297674893863,-3.46811084813465,4.414122612872212,0.7967741935483871,0.007697916600907129
autoencoder,NLOPS,NLOPS,10,0.002878,0.0031001,0.00306,1.0771716469770676,0.9884612521721916,0.9889011657182846,0.01624758115782301,0.08658162477301307,0.9119742431771629,0.11612903225806452,0.02067860545025997
pn,LO,NLOPS,10,0.003155,0.0035519,0.003504,1.1258003169572108,0.9716077913263611,0.9659494746807669,0.003331071403937551,-5.5609487747722985,3.2589645399411964,0.7290322580645161,0.00669735562631715
pn,LOwS,NLOPS,10,0.00297,0.0035467000000000007,0.003493,1.1941750841750844,0.9743560341661057,0.9721360069358891,0.001543940311735837,-4.677359657596306,5.648969606598561,0.9064516129032258,0.0071017972573944295
pn,NLOPS,NLOPS,10,,0.0035089999999999995,0.003459,,0.9974156659098722,0.9875476777958354,0.01276633897934424,-2.4751651051645336,4.543779274320139,0.8451612903225807,0.01466933706388017
