epoch,learning_rate
1,5.4151726847e-04
2,5.4151726847e-04
3,5.4151726847e-04
4,5.4151726847e-04
5,5.4151726847e-04
6,5.4151726847e-04
7,5.4151726847e-04
8,5.4151726847e-04
9,5.4151726847e-04
10,5.4151726847e-04
11,5.4151726847e-04
12,5.4151726847e-04
13,5.4151726847e-04
14,5.4151726847e-04
15,5.4151726847e-04
16,5.4151726847e-04
17,5.4151726847e-04
18,5.4151726847e-04
19,5.4151726847e-04
20,5.4151726847e-04
21,5.4151726847e-04
22,5.4151726847e-04
23,2.7075863423e-04
24,2.7075863423e-04
25,2.7075863423e-04
26,2.7075863423e-04
27,2.7075863423e-04
28,2.7075863423e-04
29,2.7075863423e-04
30,2.7075863423e-04
31,1.3537931712e-04
32,1.3537931712e-04
33,1.3537931712e-04
34,1.3537931712e-04
35,1.3537931712e-04
36,6.7689658558e-05
37,6.7689658558e-05
38,6.7689658558e-05
39,6.7689658558e-05
40,3.3844829279e-05
41,3.3844829279e-05
42,3.3844829279e-05
43,3.3844829279e-05
44,1.6922414640e-05
45,1.6922414640e-05
46,1.6922414640e-05
47,1.6922414640e-05
48,8.4612073198e-06
49,8.4612073198e-06
50,8.4612073198e-06
51,8.4612073198e-06
52,4.2306036599e-06
53,4.2306036599e-06
54,4.2306036599e-06
55,4.2306036599e-06
56,2.1153018299e-06
57,2.1153018299e-06
58,2.1153018299e-06
59,2.1153018299e-06
60,1.0576509150e-06
61,1.0576509150e-06
62,1.0576509150e-06
63,1.0576509150e-06
64,5.2882545749e-07
65,5.2882545749e-07
66,5.2882545749e-07
